model,fold,accuracy,f1_macro,auroc,balance,n_train_rows,n_test_rows,n_features
logistic_l2,0,0.8,0.7942857142857143,0.8495370370370371,SMOTE(k=5),120,60,6
ridge,0,0.8,0.7942857142857143,0.8460648148148149,SMOTE(k=5),120,60,6
logistic_l2,1,0.8,0.7884841363102233,0.900462962962963,SMOTE(k=5),120,60,6
ridge,1,0.8166666666666667,0.8044444444444445,0.9120370370370371,SMOTE(k=5),120,60,6
logistic_l2,2,0.8666666666666667,0.8653198653198653,0.9685746352413019,SMOTE(k=5),120,60,6
ridge,2,0.8833333333333333,0.8825174825174825,0.9685746352413018,SMOTE(k=5),120,60,6
