model,accuracy_mean,accuracy_std,f1_macro_mean,f1_macro_std,auroc_mean,auroc_std
ridge,0.8333333333333334,0.04409585518440981,0.8270825470825471,0.048276018887394474,0.9088921623643845,0.06131542793426902
logistic_l2,0.8222222222222223,0.03849001794597504,0.8160299053052675,0.042784806829433066,0.906191545080434,0.05972520352721668
